Category,Pattern,Problem,URL
"I. Two Pointer Patterns","Pattern 1: Two Pointers - Converging (Sorted Array Target Sum)","11. Container With Most Water","https://leetcode.com/problems/container-with-most-water/"
"I. Two Pointer Patterns","Pattern 1: Two Pointers - Converging (Sorted Array Target Sum)","15. 3Sum","https://leetcode.com/problems/3sum/"
"I. Two Pointer Patterns","Pattern 1: Two Pointers - Converging (Sorted Array Target Sum)","16. 3Sum Closest","https://leetcode.com/problems/3sum-closest/"
"I. Two Pointer Patterns","Pattern 1: Two Pointers - Converging (Sorted Array Target Sum)","18. 4Sum","https://leetcode.com/problems/4sum/"
"I. Two Pointer Patterns","Pattern 1: Two Pointers - Converging (Sorted Array Target Sum)","167. Two Sum II - Input Array Is Sorted","https://leetcode.com/problems/two-sum-ii-input-array-is-sorted/"
"I. Two Pointer Patterns","Pattern 1: Two Pointers - Converging (Sorted Array Target Sum)","349. Intersection of Two Arrays","https://leetcode.com/problems/intersection-of-two-arrays/"
"I. Two Pointer Patterns","Pattern 1: Two Pointers - Converging (Sorted Array Target Sum)","881. Boats to Save People","https://leetcode.com/problems/boats-to-save-people/"
"I. Two Pointer Patterns","Pattern 1: Two Pointers - Converging (Sorted Array Target Sum)","977. Squares of a Sorted Array","https://leetcode.com/problems/squares-of-a-sorted-array/"
"I. Two Pointer Patterns","Pattern 1: Two Pointers - Converging (Sorted Array Target Sum)","259. 3Sum Smaller","https://leetcode.com/problems/3sum-smaller/"
"I. Two Pointer Patterns","Pattern 2: Two Pointers - Fast & Slow (Cycle Detection)","141. Linked List Cycle","https://leetcode.com/problems/linked-list-cycle/"
"I. Two Pointer Patterns","Pattern 2: Two Pointers - Fast & Slow (Cycle Detection)","202. Happy Number","https://leetcode.com/problems/happy-number/"
"I. Two Pointer Patterns","Pattern 2: Two Pointers - Fast & Slow (Cycle Detection)","287. Find the Duplicate Number","https://leetcode.com/problems/find-the-duplicate-number/"
"I. Two Pointer Patterns","Pattern 2: Two Pointers - Fast & Slow (Cycle Detection)","392. Is Subsequence","https://leetcode.com/problems/is-subsequence/"
"I. Two Pointer Patterns","Pattern 3: Two Pointers - Fixed Separation (Nth Node from End)","19. Remove Nth Node From End of List","https://leetcode.com/problems/remove-nth-node-from-end-of-list/"
"I. Two Pointer Patterns","Pattern 3: Two Pointers - Fixed Separation (Nth Node from End)","876. Middle of the Linked List","https://leetcode.com/problems/middle-of-the-linked-list/"
"I. Two Pointer Patterns","Pattern 3: Two Pointers - Fixed Separation (Nth Node from End)","2095. Delete the Middle Node of a Linked List","https://leetcode.com/problems/delete-the-middle-node-of-a-linked-list/"
"I. Two Pointer Patterns","Pattern 4: Two Pointers - In-place Array Modification","26. Remove Duplicates from Sorted Array","https://leetcode.com/problems/remove-duplicates-from-sorted-array/"
"I. Two Pointer Patterns","Pattern 4: Two Pointers - In-place Array Modification","27. Remove Element","https://leetcode.com/problems/remove-element/"
"I. Two Pointer Patterns","Pattern 4: Two Pointers - In-place Array Modification","75. Sort Colors","https://leetcode.com/problems/sort-colors/"
"I. Two Pointer Patterns","Pattern 4: Two Pointers - In-place Array Modification","80. Remove Duplicates from Sorted Array II","https://leetcode.com/problems/remove-duplicates-from-sorted-array-ii/"
"I. Two Pointer Patterns","Pattern 4: Two Pointers - In-place Array Modification","283. Move Zeroes","https://leetcode.com/problems/move-zeroes/"
"I. Two Pointer Patterns","Pattern 4: Two Pointers - In-place Array Modification","443. String Compression","https://leetcode.com/problems/string-compression/"
"I. Two Pointer Patterns","Pattern 4: Two Pointers - In-place Array Modification","905. Sort Array By Parity","https://leetcode.com/problems/sort-array-by-parity/"
"I. Two Pointer Patterns","Pattern 4: Two Pointers - In-place Array Modification","2337. Move Pieces to Obtain a String","https://leetcode.com/problems/move-pieces-to-obtain-a-string/"
"I. Two Pointer Patterns","Pattern 4: Two Pointers - In-place Array Modification","2938. Separate Black and White Balls","https://leetcode.com/problems/separate-black-and-white-balls/"
"I. Two Pointer Patterns","Pattern 5: Two Pointers - String Comparison","844. Backspace String Compare","https://leetcode.com/problems/backspace-string-compare/"
"I. Two Pointer Patterns","Pattern 5: Two Pointers - String Comparison","1598. Crawler Log Folder","https://leetcode.com/problems/crawler-log-folder/"
"I. Two Pointer Patterns","Pattern 5: Two Pointers - String Comparison","2390. Removing Stars From a String","https://leetcode.com/problems/removing-stars-from-a-string/"
"I. Two Pointer Patterns","Pattern 6: Two Pointers - Expanding From Center (Palindromes)","5. Longest Palindromic Substring","https://leetcode.com/problems/longest-palindromic-substring/"
"I. Two Pointer Patterns","Pattern 6: Two Pointers - Expanding From Center (Palindromes)","647. Palindromic Substrings","https://leetcode.com/problems/palindromic-substrings/"
"I. Two Pointer Patterns","Pattern 6: Two Pointers - Expanding From Center (Palindromes)","9. Palindrome Number","https://leetcode.com/problems/palindrome-number/"
"I. Two Pointer Patterns","Pattern 6: Two Pointers - Expanding From Center (Palindromes)","131. Palindrome Partitioning","https://leetcode.com/problems/palindrome-partitioning/"
"I. Two Pointer Patterns","Pattern 6: Two Pointers - Expanding From Center (Palindromes)","132. Palindrome Partitioning II","https://leetcode.com/problems/palindrome-partitioning-ii/"
"I. Two Pointer Patterns","Pattern 7: Two Pointers - String Reversal","151. Reverse Words in a String","https://leetcode.com/problems/reverse-words-in-a-string/"
"I. Two Pointer Patterns","Pattern 7: Two Pointers - String Reversal","344. Reverse String","https://leetcode.com/problems/reverse-string/"
"I. Two Pointer Patterns","Pattern 7: Two Pointers - String Reversal","345. Reverse Vowels of a String","https://leetcode.com/problems/reverse-vowels-of-a-string/"
"I. Two Pointer Patterns","Pattern 7: Two Pointers - String Reversal","541. Reverse String II","https://leetcode.com/problems/reverse-string-ii/"
"II. Sliding Window Patterns","Pattern 8: Sliding Window - Fixed Size (Subarray Calculation)","346. Moving Average from Data Stream","https://leetcode.com/problems/moving-average-from-data-stream/"
"II. Sliding Window Patterns","Pattern 8: Sliding Window - Fixed Size (Subarray Calculation)","643. Maximum Average Subarray I","https://leetcode.com/problems/maximum-average-subarray-i/"
"II. Sliding Window Patterns","Pattern 8: Sliding Window - Fixed Size (Subarray Calculation)","2985. Calculate Compressed Mean","https://leetcode.com/problems/calculate-compressed-mean/"
"II. Sliding Window Patterns","Pattern 8: Sliding Window - Fixed Size (Subarray Calculation)","3254. Find the Power of K-Size Subarrays I","https://leetcode.com/problems/find-the-power-of-k-size-subarrays-i/"
"II. Sliding Window Patterns","Pattern 8: Sliding Window - Fixed Size (Subarray Calculation)","3318. Find X-Sum of All K-Long Subarrays I","https://leetcode.com/problems/find-x-sum-of-all-k-long-subarrays-i/"
"II. Sliding Window Patterns","Pattern 9: Sliding Window - Variable Size (Condition-Based)","3. Longest Substring Without Repeating Characters","https://leetcode.com/problems/longest-substring-without-repeating-characters/"
"II. Sliding Window Patterns","Pattern 9: Sliding Window - Variable Size (Condition-Based)","76. Minimum Window Substring","https://leetcode.com/problems/minimum-window-substring/"
"II. Sliding Window Patterns","Pattern 9: Sliding Window - Variable Size (Condition-Based)","209. Minimum Size Subarray Sum","https://leetcode.com/problems/minimum-size-subarray-sum/"
"II. Sliding Window Patterns","Pattern 9: Sliding Window - Variable Size (Condition-Based)","219. Contains Duplicate II","https://leetcode.com/problems/contains-duplicate-ii/"
"II. Sliding Window Patterns","Pattern 9: Sliding Window - Variable Size (Condition-Based)","424. Longest Repeating Character Replacement","https://leetcode.com/problems/longest-repeating-character-replacement/"
"II. Sliding Window Patterns","Pattern 9: Sliding Window - Variable Size (Condition-Based)","713. Subarray Product Less Than K","https://leetcode.com/problems/subarray-product-less-than-k/"
"II. Sliding Window Patterns","Pattern 9: Sliding Window - Variable Size (Condition-Based)","904. Fruit Into Baskets","https://leetcode.com/problems/fruit-into-baskets/"
"II. Sliding Window Patterns","Pattern 9: Sliding Window - Variable Size (Condition-Based)","1004. Max Consecutive Ones III","https://leetcode.com/problems/max-consecutive-ones-iii/"
"II. Sliding Window Patterns","Pattern 9: Sliding Window - Variable Size (Condition-Based)","1438. Longest Continuous Subarray With Absolute Diff Less Than or Equal to Limit","https://leetcode.com/problems/longest-continuous-subarray-with-absolute-diff-less-than-or-equal-to-limit/"
"II. Sliding Window Patterns","Pattern 9: Sliding Window - Variable Size (Condition-Based)","1493. Longest Subarray of 1's After Deleting One Element","https://leetcode.com/problems/longest-subarray-of-1s-after-deleting-one-element/"
"II. Sliding Window Patterns","Pattern 9: Sliding Window - Variable Size (Condition-Based)","1658. Minimum Operations to Reduce X to Zero","https://leetcode.com/problems/minimum-operations-to-reduce-x-to-zero/"
"II. Sliding Window Patterns","Pattern 9: Sliding Window - Variable Size (Condition-Based)","1838. Frequency of the Most Frequent Element","https://leetcode.com/problems/frequency-of-the-most-frequent-element/"
"II. Sliding Window Patterns","Pattern 9: Sliding Window - Variable Size (Condition-Based)","2461. Maximum Sum of Distinct Subarrays With Length K","https://leetcode.com/problems/maximum-sum-of-distinct-subarrays-with-length-k/"
"II. Sliding Window Patterns","Pattern 9: Sliding Window - Variable Size (Condition-Based)","2516. Take K of Each Character From Left and Right","https://leetcode.com/problems/take-k-of-each-character-from-left-and-right/"
"II. Sliding Window Patterns","Pattern 9: Sliding Window - Variable Size (Condition-Based)","2762. Continuous Subarrays","https://leetcode.com/problems/continuous-subarrays/"
"II. Sliding Window Patterns","Pattern 9: Sliding Window - Variable Size (Condition-Based)","2779. Maximum Beauty of an Array After Applying Operation","https://leetcode.com/problems/maximum-beauty-of-an-array-after-applying-operation/"
"II. Sliding Window Patterns","Pattern 9: Sliding Window - Variable Size (Condition-Based)","2981. Find Longest Special Substring That Occurs Thrice I","https://leetcode.com/problems/find-longest-special-substring-that-occurs-thrice-i/"
"II. Sliding Window Patterns","Pattern 9: Sliding Window - Variable Size (Condition-Based)","3026. Maximum Good Subarray Sum","https://leetcode.com/problems/maximum-good-subarray-sum/"
"II. Sliding Window Patterns","Pattern 9: Sliding Window - Variable Size (Condition-Based)","3346. Maximum Frequency of an Element After Performing Operations I","https://leetcode.com/problems/maximum-frequency-of-an-element-after-performing-operations-i/"
"II. Sliding Window Patterns","Pattern 9: Sliding Window - Variable Size (Condition-Based)","3347. Maximum Frequency of an Element After Performing Operations II","https://leetcode.com/problems/maximum-frequency-of-an-element-after-performing-operations-ii/"
"II. Sliding Window Patterns","Pattern 10: Sliding Window - Monotonic Queue for Max/Min","239. Sliding Window Maximum","https://leetcode.com/problems/sliding-window-maximum/"
"II. Sliding Window Patterns","Pattern 10: Sliding Window - Monotonic Queue for Max/Min","862. Shortest Subarray with Sum at Least K","https://leetcode.com/problems/shortest-subarray-with-sum-at-least-k/"
"II. Sliding Window Patterns","Pattern 10: Sliding Window - Monotonic Queue for Max/Min","1696. Jump Game VI","https://leetcode.com/problems/jump-game-vi/"
"II. Sliding Window Patterns","Pattern 11: Sliding Window - Character Frequency Matching","1.TwoSum","https://leetcode.com/problems/twosum/"
"II. Sliding Window Patterns","Pattern 11: Sliding Window - Character Frequency Matching","438. Find All Anagrams in a String","https://leetcode.com/problems/find-all-anagrams-in-a-string/"
"II. Sliding Window Patterns","Pattern 11: Sliding Window - Character Frequency Matching","567. Permutation in String","https://leetcode.com/problems/permutation-in-string/"
"III. Tree Traversal Patterns (DFS & BFS)","Pattern 12: Tree BFS - Level Order Traversal","102. Binary Tree Level Order Traversal","https://leetcode.com/problems/binary-tree-level-order-traversal/"
"III. Tree Traversal Patterns (DFS & BFS)","Pattern 12: Tree BFS - Level Order Traversal","103. Binary Tree Zigzag Level Order Traversal","https://leetcode.com/problems/binary-tree-zigzag-level-order-traversal/"
"III. Tree Traversal Patterns (DFS & BFS)","Pattern 12: Tree BFS - Level Order Traversal","199. Binary Tree Right Side View","https://leetcode.com/problems/binary-tree-right-side-view/"
"III. Tree Traversal Patterns (DFS & BFS)","Pattern 12: Tree BFS - Level Order Traversal","515. Find Largest Value in Each Tree Row","https://leetcode.com/problems/find-largest-value-in-each-tree-row/"
"III. Tree Traversal Patterns (DFS & BFS)","Pattern 12: Tree BFS - Level Order Traversal","1161. Maximum Level Sum of a Binary Tree","https://leetcode.com/problems/maximum-level-sum-of-a-binary-tree/"
"III. Tree Traversal Patterns (DFS & BFS)","Pattern 13: Tree DFS - Recursive Preorder Traversal","100. Same Tree","https://leetcode.com/problems/same-tree/"
"III. Tree Traversal Patterns (DFS & BFS)","Pattern 13: Tree DFS - Recursive Preorder Traversal","101. Symmetric Tree","https://leetcode.com/problems/symmetric-tree/"
"III. Tree Traversal Patterns (DFS & BFS)","Pattern 13: Tree DFS - Recursive Preorder Traversal","105. Construct Binary Tree from Preorder and Inorder Traversal","https://leetcode.com/problems/construct-binary-tree-from-preorder-and-inorder-traversal/"
"III. Tree Traversal Patterns (DFS & BFS)","Pattern 13: Tree DFS - Recursive Preorder Traversal","114. Flatten Binary Tree to Linked List","https://leetcode.com/problems/flatten-binary-tree-to-linked-list/"
"III. Tree Traversal Patterns (DFS & BFS)","Pattern 13: Tree DFS - Recursive Preorder Traversal","226. Invert Binary Tree","https://leetcode.com/problems/invert-binary-tree/"
"III. Tree Traversal Patterns (DFS & BFS)","Pattern 13: Tree DFS - Recursive Preorder Traversal","257. Binary Tree Paths","https://leetcode.com/problems/binary-tree-paths/"
"III. Tree Traversal Patterns (DFS & BFS)","Pattern 13: Tree DFS - Recursive Preorder Traversal","988. Smallest String Starting From Leaf","https://leetcode.com/problems/smallest-string-starting-from-leaf/"
"III. Tree Traversal Patterns (DFS & BFS)","Pattern 14: Tree DFS - Recursive Inorder Traversal","94. Binary Tree Inorder Traversal","https://leetcode.com/problems/binary-tree-inorder-traversal/"
"III. Tree Traversal Patterns (DFS & BFS)","Pattern 14: Tree DFS - Recursive Inorder Traversal","98. Validate Binary Search Tree","https://leetcode.com/problems/validate-binary-search-tree/"
"III. Tree Traversal Patterns (DFS & BFS)","Pattern 14: Tree DFS - Recursive Inorder Traversal","173. Binary Search Tree Iterator","https://leetcode.com/problems/binary-search-tree-iterator/"
"III. Tree Traversal Patterns (DFS & BFS)","Pattern 14: Tree DFS - Recursive Inorder Traversal","230. Kth Smallest Element in a BST","https://leetcode.com/problems/kth-smallest-element-in-a-bst/"
"III. Tree Traversal Patterns (DFS & BFS)","Pattern 14: Tree DFS - Recursive Inorder Traversal","501. Find Mode in Binary Search Tree","https://leetcode.com/problems/find-mode-in-binary-search-tree/"
"III. Tree Traversal Patterns (DFS & BFS)","Pattern 14: Tree DFS - Recursive Inorder Traversal","530. Minimum Absolute Difference in BST","https://leetcode.com/problems/minimum-absolute-difference-in-bst/"
"III. Tree Traversal Patterns (DFS & BFS)","Pattern 15: Tree DFS - Recursive Postorder Traversal","104. Maximum Depth of Binary Tree","https://leetcode.com/problems/maximum-depth-of-binary-tree/"
"III. Tree Traversal Patterns (DFS & BFS)","Pattern 15: Tree DFS - Recursive Postorder Traversal","110. Balanced Binary Tree","https://leetcode.com/problems/balanced-binary-tree/"
"III. Tree Traversal Patterns (DFS & BFS)","Pattern 15: Tree DFS - Recursive Postorder Traversal","124. Binary Tree Maximum Path Sum","https://leetcode.com/problems/binary-tree-maximum-path-sum/"
"III. Tree Traversal Patterns (DFS & BFS)","Pattern 15: Tree DFS - Recursive Postorder Traversal","145. Binary Tree Postorder Traversal","https://leetcode.com/problems/binary-tree-postorder-traversal/"
"III. Tree Traversal Patterns (DFS & BFS)","Pattern 15: Tree DFS - Recursive Postorder Traversal","337. House Robber III","https://leetcode.com/problems/house-robber-iii/"
"III. Tree Traversal Patterns (DFS & BFS)","Pattern 15: Tree DFS - Recursive Postorder Traversal","366. Find Leaves of Binary Tree","https://leetcode.com/problems/find-leaves-of-binary-tree/"
"III. Tree Traversal Patterns (DFS & BFS)","Pattern 15: Tree DFS - Recursive Postorder Traversal","543. Diameter of Binary Tree","https://leetcode.com/problems/diameter-of-binary-tree/"
"III. Tree Traversal Patterns (DFS & BFS)","Pattern 15: Tree DFS - Recursive Postorder Traversal","863. All Nodes Distance K in Binary Tree","https://leetcode.com/problems/all-nodes-distance-k-in-binary-tree/"
"III. Tree Traversal Patterns (DFS & BFS)","Pattern 15: Tree DFS - Recursive Postorder Traversal","1110. Delete Nodes And Return Forest","https://leetcode.com/problems/delete-nodes-and-return-forest/"
"III. Tree Traversal Patterns (DFS & BFS)","Pattern 15: Tree DFS - Recursive Postorder Traversal","2458. Height of Binary Tree After Subtree Removal Queries","https://leetcode.com/problems/height-of-binary-tree-after-subtree-removal-queries/"
"III. Tree Traversal Patterns (DFS & BFS)","Pattern 16: Tree - Lowest Common Ancestor (LCA) Finding","235. Lowest Common Ancestor of a Binary Search Tree","https://leetcode.com/problems/lowest-common-ancestor-of-a-binary-search-tree/"
"III. Tree Traversal Patterns (DFS & BFS)","Pattern 16: Tree - Lowest Common Ancestor (LCA) Finding","236. Lowest Common Ancestor of a Binary Tree","https://leetcode.com/problems/lowest-common-ancestor-of-a-binary-tree/"
"III. Tree Traversal Patterns (DFS & BFS)","Pattern 17: Tree - Serialization and Deserialization","297. Serialize and Deserialize Binary Tree","https://leetcode.com/problems/serialize-and-deserialize-binary-tree/"
"III. Tree Traversal Patterns (DFS & BFS)","Pattern 17: Tree - Serialization and Deserialization","572. Subtree of Another Tree","https://leetcode.com/problems/subtree-of-another-tree/"
"III. Tree Traversal Patterns (DFS & BFS)","Pattern 17: Tree - Serialization and Deserialization","652. Find Duplicate Subtrees","https://leetcode.com/problems/find-duplicate-subtrees/"
"IV. Graph Traversal Patterns (DFS & BFS)","Pattern 18: Graph DFS - Connected Components / Island Counting","130. Surrounded Regions","https://leetcode.com/problems/surrounded-regions/"
"IV. Graph Traversal Patterns (DFS & BFS)","Pattern 18: Graph DFS - Connected Components / Island Counting","200. Number of Islands","https://leetcode.com/problems/number-of-islands/"
"IV. Graph Traversal Patterns (DFS & BFS)","Pattern 18: Graph DFS - Connected Components / Island Counting","417. Pacific Atlantic Water Flow","https://leetcode.com/problems/pacific-atlantic-water-flow/"
"IV. Graph Traversal Patterns (DFS & BFS)","Pattern 18: Graph DFS - Connected Components / Island Counting","547. Number of Provinces","https://leetcode.com/problems/number-of-provinces/"
"IV. Graph Traversal Patterns (DFS & BFS)","Pattern 18: Graph DFS - Connected Components / Island Counting","695. Max Area of Island","https://leetcode.com/problems/max-area-of-island/"
"IV. Graph Traversal Patterns (DFS & BFS)","Pattern 18: Graph DFS - Connected Components / Island Counting","733. Flood Fill","https://leetcode.com/problems/flood-fill/"
"IV. Graph Traversal Patterns (DFS & BFS)","Pattern 18: Graph DFS - Connected Components / Island Counting","841. Keys and Rooms","https://leetcode.com/problems/keys-and-rooms/"
"IV. Graph Traversal Patterns (DFS & BFS)","Pattern 18: Graph DFS - Connected Components / Island Counting","1020. Number of Enclaves","https://leetcode.com/problems/number-of-enclaves/"
"IV. Graph Traversal Patterns (DFS & BFS)","Pattern 18: Graph DFS - Connected Components / Island Counting","1254. Number of Closed Islands","https://leetcode.com/problems/number-of-closed-islands/"
"IV. Graph Traversal Patterns (DFS & BFS)","Pattern 18: Graph DFS - Connected Components / Island Counting","1905. Count Sub Islands","https://leetcode.com/problems/count-sub-islands/"
"IV. Graph Traversal Patterns (DFS & BFS)","Pattern 18: Graph DFS - Connected Components / Island Counting","2101. Detonate the Maximum Bombs","https://leetcode.com/problems/detonate-the-maximum-bombs/"
"IV. Graph Traversal Patterns (DFS & BFS)","Pattern 19: Graph BFS - Connected Components / Island Counting","127. Word Ladder","https://leetcode.com/problems/word-ladder/"
"IV. Graph Traversal Patterns (DFS & BFS)","Pattern 19: Graph BFS - Connected Components / Island Counting","542. 01 Matrix","https://leetcode.com/problems/01-matrix/"
"IV. Graph Traversal Patterns (DFS & BFS)","Pattern 19: Graph BFS - Connected Components / Island Counting","994. Rotting Oranges","https://leetcode.com/problems/rotting-oranges/"
"IV. Graph Traversal Patterns (DFS & BFS)","Pattern 19: Graph BFS - Connected Components / Island Counting","1091. Shortest Path in Binary Matrix","https://leetcode.com/problems/shortest-path-in-binary-matrix/"
"IV. Graph Traversal Patterns (DFS & BFS)","Pattern 20: Graph DFS - Cycle Detection (Directed Graph)","207. Course Schedule","https://leetcode.com/problems/course-schedule/"
"IV. Graph Traversal Patterns (DFS & BFS)","Pattern 20: Graph DFS - Cycle Detection (Directed Graph)","210. Course Schedule II","https://leetcode.com/problems/course-schedule-ii/"
"IV. Graph Traversal Patterns (DFS & BFS)","Pattern 20: Graph DFS - Cycle Detection (Directed Graph)","802. Find Eventual Safe States","https://leetcode.com/problems/find-eventual-safe-states/"
"IV. Graph Traversal Patterns (DFS & BFS)","Pattern 20: Graph DFS - Cycle Detection (Directed Graph)","1059. All Paths from Source Lead to Destination","https://leetcode.com/problems/all-paths-from-source-lead-to-destination/"
"IV. Graph Traversal Patterns (DFS & BFS)","Pattern 21: Graph BFS - Topological Sort (Kahn's Algorithm)","207. Course Schedule","https://leetcode.com/problems/course-schedule/"
"IV. Graph Traversal Patterns (DFS & BFS)","Pattern 21: Graph BFS - Topological Sort (Kahn's Algorithm)","210. Course Schedule II","https://leetcode.com/problems/course-schedule-ii/"
"IV. Graph Traversal Patterns (DFS & BFS)","Pattern 21: Graph BFS - Topological Sort (Kahn's Algorithm)","269. Alien Dictionary","https://leetcode.com/problems/alien-dictionary/"
"IV. Graph Traversal Patterns (DFS & BFS)","Pattern 21: Graph BFS - Topological Sort (Kahn's Algorithm)","310. Minimum Height Trees","https://leetcode.com/problems/minimum-height-trees/"
"IV. Graph Traversal Patterns (DFS & BFS)","Pattern 21: Graph BFS - Topological Sort (Kahn's Algorithm)","444. Sequence Reconstruction","https://leetcode.com/problems/sequence-reconstruction/"
"IV. Graph Traversal Patterns (DFS & BFS)","Pattern 21: Graph BFS - Topological Sort (Kahn's Algorithm)","1136. Parallel Courses","https://leetcode.com/problems/parallel-courses/"
"IV. Graph Traversal Patterns (DFS & BFS)","Pattern 21: Graph BFS - Topological Sort (Kahn's Algorithm)","1857. Largest Color Value in a Directed Graph","https://leetcode.com/problems/largest-color-value-in-a-directed-graph/"
"IV. Graph Traversal Patterns (DFS & BFS)","Pattern 21: Graph BFS - Topological Sort (Kahn's Algorithm)","2050. Parallel Courses III","https://leetcode.com/problems/parallel-courses-iii/"
"IV. Graph Traversal Patterns (DFS & BFS)","Pattern 21: Graph BFS - Topological Sort (Kahn's Algorithm)","2115. Find All Possible Recipes from Given Supplies","https://leetcode.com/problems/find-all-possible-recipes-from-given-supplies/"
"IV. Graph Traversal Patterns (DFS & BFS)","Pattern 21: Graph BFS - Topological Sort (Kahn's Algorithm)","2392. Build a Matrix With Conditions","https://leetcode.com/problems/build-a-matrix-with-conditions/"
"IV. Graph Traversal Patterns (DFS & BFS)","Pattern 22: Graph - Deep Copy / Cloning","133. Clone Graph","https://leetcode.com/problems/clone-graph/"
"IV. Graph Traversal Patterns (DFS & BFS)","Pattern 22: Graph - Deep Copy / Cloning","1334. Find the City With the Smallest Number of Neighbors at a Threshold Distance","https://leetcode.com/problems/find-the-city-with-the-smallest-number-of-neighbors-at-a-threshold-distance/"
"IV. Graph Traversal Patterns (DFS & BFS)","Pattern 22: Graph - Deep Copy / Cloning","138. Copy List with Random Pointer","https://leetcode.com/problems/copy-list-with-random-pointer/"
"IV. Graph Traversal Patterns (DFS & BFS)","Pattern 22: Graph - Deep Copy / Cloning","1490. Clone N-ary Tree","https://leetcode.com/problems/clone-n-ary-tree/"
"IV. Graph Traversal Patterns (DFS & BFS)","Pattern 23: Graph - Shortest Path (Dijkstra's Algorithm)","743. Network Delay Time","https://leetcode.com/problems/network-delay-time/"
"IV. Graph Traversal Patterns (DFS & BFS)","Pattern 23: Graph - Shortest Path (Dijkstra's Algorithm)","778. Swim in Rising Water","https://leetcode.com/problems/swim-in-rising-water/"
"IV. Graph Traversal Patterns (DFS & BFS)","Pattern 23: Graph - Shortest Path (Dijkstra's Algorithm)","1514. Path with Maximum Probability","https://leetcode.com/problems/path-with-maximum-probability/"
"IV. Graph Traversal Patterns (DFS & BFS)","Pattern 23: Graph - Shortest Path (Dijkstra's Algorithm)","1631. Path With Minimum Effort","https://leetcode.com/problems/path-with-minimum-effort/"
"IV. Graph Traversal Patterns (DFS & BFS)","Pattern 23: Graph - Shortest Path (Dijkstra's Algorithm)","1976. Number of Ways to Arrive at Destination","https://leetcode.com/problems/number-of-ways-to-arrive-at-destination/"
"IV. Graph Traversal Patterns (DFS & BFS)","Pattern 23: Graph - Shortest Path (Dijkstra's Algorithm)","2045. Second Minimum Time to Reach Destination","https://leetcode.com/problems/second-minimum-time-to-reach-destination/"
"IV. Graph Traversal Patterns (DFS & BFS)","Pattern 23: Graph - Shortest Path (Dijkstra's Algorithm)","2203. Minimum Weighted Subgraph With the Required Paths","https://leetcode.com/problems/minimum-weighted-subgraph-with-the-required-paths/"
"IV. Graph Traversal Patterns (DFS & BFS)","Pattern 23: Graph - Shortest Path (Dijkstra's Algorithm)","2290. Minimum Obstacle Removal to Reach Corner","https://leetcode.com/problems/minimum-obstacle-removal-to-reach-corner/"
"IV. Graph Traversal Patterns (DFS & BFS)","Pattern 23: Graph - Shortest Path (Dijkstra's Algorithm)","2577. Minimum Time to Visit a Cell In a Grid","https://leetcode.com/problems/minimum-time-to-visit-a-cell-in-a-grid/"
"IV. Graph Traversal Patterns (DFS & BFS)","Pattern 23: Graph - Shortest Path (Dijkstra's Algorithm)","2812. Find the Safest Path in a Grid","https://leetcode.com/problems/find-the-safest-path-in-a-grid/"
"IV. Graph Traversal Patterns (DFS & BFS)","Pattern 24: Graph - Shortest Path (Bellman-Ford / BFS+K)","787. Cheapest Flights Within K Stops","https://leetcode.com/problems/cheapest-flights-within-k-stops/"
"IV. Graph Traversal Patterns (DFS & BFS)","Pattern 24: Graph - Shortest Path (Bellman-Ford / BFS+K)","743. Network Delay Time","https://leetcode.com/problems/network-delay-time/"
"IV. Graph Traversal Patterns (DFS & BFS)","Pattern 25: Graph - Union-Find (Disjoint Set Union - DSU)","200. Number of Islands","https://leetcode.com/problems/number-of-islands/"
"IV. Graph Traversal Patterns (DFS & BFS)","Pattern 25: Graph - Union-Find (Disjoint Set Union - DSU)","261. Graph Valid Tree","https://leetcode.com/problems/graph-valid-tree/"
"IV. Graph Traversal Patterns (DFS & BFS)","Pattern 25: Graph - Union-Find (Disjoint Set Union - DSU)","305. Number of Islands II","https://leetcode.com/problems/number-of-islands-ii/"
"IV. Graph Traversal Patterns (DFS & BFS)","Pattern 25: Graph - Union-Find (Disjoint Set Union - DSU)","323. Number of Connected Components in an Undirected Graph","https://leetcode.com/problems/number-of-connected-components-in-an-undirected-graph/"
"IV. Graph Traversal Patterns (DFS & BFS)","Pattern 25: Graph - Union-Find (Disjoint Set Union - DSU)","547. Number of Provinces","https://leetcode.com/problems/number-of-provinces/"
"IV. Graph Traversal Patterns (DFS & BFS)","Pattern 25: Graph - Union-Find (Disjoint Set Union - DSU)","684. Redundant Connection","https://leetcode.com/problems/redundant-connection/"
"IV. Graph Traversal Patterns (DFS & BFS)","Pattern 25: Graph - Union-Find (Disjoint Set Union - DSU)","721. Accounts Merge","https://leetcode.com/problems/accounts-merge/"
"IV. Graph Traversal Patterns (DFS & BFS)","Pattern 25: Graph - Union-Find (Disjoint Set Union - DSU)","737. Sentence Similarity II","https://leetcode.com/problems/sentence-similarity-ii/"
"IV. Graph Traversal Patterns (DFS & BFS)","Pattern 25: Graph - Union-Find (Disjoint Set Union - DSU)","947. Most Stones Removed with Same Row or Column","https://leetcode.com/problems/most-stones-removed-with-same-row-or-column/"
"IV. Graph Traversal Patterns (DFS & BFS)","Pattern 25: Graph - Union-Find (Disjoint Set Union - DSU)","952. Largest Component Size by Common Factor","https://leetcode.com/problems/largest-component-size-by-common-factor/"
"IV. Graph Traversal Patterns (DFS & BFS)","Pattern 25: Graph - Union-Find (Disjoint Set Union - DSU)","959. Regions Cut By Slashes","https://leetcode.com/problems/regions-cut-by-slashes/"
"IV. Graph Traversal Patterns (DFS & BFS)","Pattern 25: Graph - Union-Find (Disjoint Set Union - DSU)","1101. The Earliest Moment When Everyone Become Friends","https://leetcode.com/problems/the-earliest-moment-when-everyone-become-friends/"
"V. Dynamic Programming (DP) Patterns","Pattern 26: DP - 1D Array (Fibonacci Style)","70. Climbing Stairs","https://leetcode.com/problems/climbing-stairs/"
"V. Dynamic Programming (DP) Patterns","Pattern 26: DP - 1D Array (Fibonacci Style)","91. Decode Ways","https://leetcode.com/problems/decode-ways/"
"V. Dynamic Programming (DP) Patterns","Pattern 26: DP - 1D Array (Fibonacci Style)","198. House Robber","https://leetcode.com/problems/house-robber/"
"V. Dynamic Programming (DP) Patterns","Pattern 26: DP - 1D Array (Fibonacci Style)","213. House Robber II","https://leetcode.com/problems/house-robber-ii/"
"V. Dynamic Programming (DP) Patterns","Pattern 26: DP - 1D Array (Fibonacci Style)","337. House Robber III","https://leetcode.com/problems/house-robber-iii/"
"V. Dynamic Programming (DP) Patterns","Pattern 26: DP - 1D Array (Fibonacci Style)","509. Fibonacci Number","https://leetcode.com/problems/fibonacci-number/"
"V. Dynamic Programming (DP) Patterns","Pattern 26: DP - 1D Array (Fibonacci Style)","740. Delete and Earn","https://leetcode.com/problems/delete-and-earn/"
"V. Dynamic Programming (DP) Patterns","Pattern 26: DP - 1D Array (Fibonacci Style)","746. Min Cost Climbing Stairs","https://leetcode.com/problems/min-cost-climbing-stairs/"
"V. Dynamic Programming (DP) Patterns","Pattern 27: DP - 1D Array (Kadane's Algorithm for Max/Min Subarray)","53. Maximum Subarray","https://leetcode.com/problems/maximum-subarray/"
"V. Dynamic Programming (DP) Patterns","Pattern 27: DP - 1D Array (Kadane's Algorithm for Max/Min Subarray)","918. Maximum Sum Circular Subarray","https://leetcode.com/problems/maximum-sum-circular-subarray/"
"V. Dynamic Programming (DP) Patterns","Pattern 27: DP - 1D Array (Kadane's Algorithm for Max/Min Subarray)","2321. Maximum Score Of Spliced Array","https://leetcode.com/problems/maximum-score-of-spliced-array/"
"V. Dynamic Programming (DP) Patterns","Pattern 27: DP - 1D Array (Kadane's Algorithm for Max/Min Subarray)","1749. Maximum Absolute Sum of Any Subarray","https://leetcode.com/problems/maximum-absolute-sum-of-any-subarray/"
"V. Dynamic Programming (DP) Patterns","Pattern 28: DP - 1D Array (Coin Change / Unbounded Knapsack Style)","322. Coin Change","https://leetcode.com/problems/coin-change/"
"V. Dynamic Programming (DP) Patterns","Pattern 28: DP - 1D Array (Coin Change / Unbounded Knapsack Style)","377. Combination Sum IV","https://leetcode.com/problems/combination-sum-iv/"
"V. Dynamic Programming (DP) Patterns","Pattern 28: DP - 1D Array (Coin Change / Unbounded Knapsack Style)","518. Coin Change II","https://leetcode.com/problems/coin-change-ii/"
"V. Dynamic Programming (DP) Patterns","Pattern 29: DP - 1D Array (0/1 Knapsack Subset Sum Style)","416. Partition Equal Subset Sum","https://leetcode.com/problems/partition-equal-subset-sum/"
"V. Dynamic Programming (DP) Patterns","Pattern 29: DP - 1D Array (0/1 Knapsack Subset Sum Style)","494. Target Sum","https://leetcode.com/problems/target-sum/"
"V. Dynamic Programming (DP) Patterns","Pattern 30: DP - 1D Array (Word Break Style)","139. Word Break","https://leetcode.com/problems/word-break/"
"V. Dynamic Programming (DP) Patterns","Pattern 30: DP - 1D Array (Word Break Style)","140. Word Break II","https://leetcode.com/problems/word-break-ii/"
"V. Dynamic Programming (DP) Patterns","Pattern 31: DP - 2D Array (Longest Common Subsequence - LCS)","583. Delete Operation for Two Strings","https://leetcode.com/problems/delete-operation-for-two-strings/"
"V. Dynamic Programming (DP) Patterns","Pattern 31: DP - 2D Array (Longest Common Subsequence - LCS)","1143. Longest Common Subsequence","https://leetcode.com/problems/longest-common-subsequence/"
"V. Dynamic Programming (DP) Patterns","Pattern 32: DP - 2D Array (Edit Distance / Levenshtein Distance)","72. Edit Distance","https://leetcode.com/problems/edit-distance/"
"V. Dynamic Programming (DP) Patterns","Pattern 32: DP - 2D Array (Edit Distance / Levenshtein Distance)","583. Delete Operation for Two Strings","https://leetcode.com/problems/delete-operation-for-two-strings/"
"V. Dynamic Programming (DP) Patterns","Pattern 32: DP - 2D Array (Edit Distance / Levenshtein Distance)","712. Minimum ASCII Delete Sum for Two Strings","https://leetcode.com/problems/minimum-ascii-delete-sum-for-two-strings/"
"V. Dynamic Programming (DP) Patterns","Pattern 33: DP - 2D Array (Unique Paths on Grid)","62. Unique Paths","https://leetcode.com/problems/unique-paths/"
"V. Dynamic Programming (DP) Patterns","Pattern 33: DP - 2D Array (Unique Paths on Grid)","63. Unique Paths II","https://leetcode.com/problems/unique-paths-ii/"
"V. Dynamic Programming (DP) Patterns","Pattern 33: DP - 2D Array (Unique Paths on Grid)","64. Minimum Path Sum","https://leetcode.com/problems/minimum-path-sum/"
"V. Dynamic Programming (DP) Patterns","Pattern 33: DP - 2D Array (Unique Paths on Grid)","120. Triangle","https://leetcode.com/problems/triangle/"
"V. Dynamic Programming (DP) Patterns","Pattern 33: DP - 2D Array (Unique Paths on Grid)","221. Maximal Square","https://leetcode.com/problems/maximal-square/"
"V. Dynamic Programming (DP) Patterns","Pattern 33: DP - 2D Array (Unique Paths on Grid)","931. Minimum Falling Path Sum","https://leetcode.com/problems/minimum-falling-path-sum/"
"V. Dynamic Programming (DP) Patterns","Pattern 33: DP - 2D Array (Unique Paths on Grid)","1277. Count Square Submatrices with All Ones","https://leetcode.com/problems/count-square-submatrices-with-all-ones/"
"V. Dynamic Programming (DP) Patterns","Pattern 34: DP - Interval DP","312. Burst Balloons","https://leetcode.com/problems/burst-balloons/"
"V. Dynamic Programming (DP) Patterns","Pattern 34: DP - Interval DP","546. Remove Boxes","https://leetcode.com/problems/remove-boxes/"
"V. Dynamic Programming (DP) Patterns","Pattern 35: DP - Catalan Numbers","95. Unique Binary Search Trees II","https://leetcode.com/problems/unique-binary-search-trees-ii/"
"V. Dynamic Programming (DP) Patterns","Pattern 35: DP - Catalan Numbers","96. Unique Binary Search Trees","https://leetcode.com/problems/unique-binary-search-trees/"
"V. Dynamic Programming (DP) Patterns","Pattern 35: DP - Catalan Numbers","241. Different Ways to Add Parentheses","https://leetcode.com/problems/different-ways-to-add-parentheses/"
"V. Dynamic Programming (DP) Patterns","Pattern 36: DP - Longest Increasing Subsequence (LIS)","300. Longest Increasing Subsequence","https://leetcode.com/problems/longest-increasing-subsequence/"
"V. Dynamic Programming (DP) Patterns","Pattern 36: DP - Longest Increasing Subsequence (LIS)","354. Russian Doll Envelopes","https://leetcode.com/problems/russian-doll-envelopes/"
"V. Dynamic Programming (DP) Patterns","Pattern 36: DP - Longest Increasing Subsequence (LIS)","1671. Minimum Number of Removals to Make Mountain Array","https://leetcode.com/problems/minimum-number-of-removals-to-make-mountain-array/"
"V. Dynamic Programming (DP) Patterns","Pattern 36: DP - Longest Increasing Subsequence (LIS)","2407. Longest Increasing Subsequence II","https://leetcode.com/problems/longest-increasing-subsequence-ii/"
"V. Dynamic Programming (DP) Patterns","Pattern 37: DP - Stock problems","121. Best Time to Buy and Sell Stock","https://leetcode.com/problems/best-time-to-buy-and-sell-stock/"
"V. Dynamic Programming (DP) Patterns","Pattern 37: DP - Stock problems","122. Best Time to Buy and Sell Stock II","https://leetcode.com/problems/best-time-to-buy-and-sell-stock-ii/"
"V. Dynamic Programming (DP) Patterns","Pattern 37: DP - Stock problems","123. Best Time to Buy and Sell Stock III","https://leetcode.com/problems/best-time-to-buy-and-sell-stock-iii/"
"V. Dynamic Programming (DP) Patterns","Pattern 37: DP - Stock problems","188.Best Time to Buy and Sell Stock IV","https://leetcode.com/problems/best-time-to-buy-and-sell-stock-iv/"
"V. Dynamic Programming (DP) Patterns","Pattern 37: DP - Stock problems","309. Best Time to Buy and Sell Stock with Cooldown","https://leetcode.com/problems/best-time-to-buy-and-sell-stock-with-cooldown/"
"VI. Heap (Priority Queue) Patterns","Pattern 37: Heap - Top K Elements (Selection/Frequency)","215. Kth Largest Element in an Array","https://leetcode.com/problems/kth-largest-element-in-an-array/"
"VI. Heap (Priority Queue) Patterns","Pattern 37: Heap - Top K Elements (Selection/Frequency)","347. Top K Frequent Elements","https://leetcode.com/problems/top-k-frequent-elements/"
"VI. Heap (Priority Queue) Patterns","Pattern 37: Heap - Top K Elements (Selection/Frequency)","451. Sort Characters By Frequency","https://leetcode.com/problems/sort-characters-by-frequency/"
"VI. Heap (Priority Queue) Patterns","Pattern 37: Heap - Top K Elements (Selection/Frequency)","506. Relative Ranks","https://leetcode.com/problems/relative-ranks/"
"VI. Heap (Priority Queue) Patterns","Pattern 37: Heap - Top K Elements (Selection/Frequency)","703. Kth Largest Element in a Stream","https://leetcode.com/problems/kth-largest-element-in-a-stream/"
"VI. Heap (Priority Queue) Patterns","Pattern 37: Heap - Top K Elements (Selection/Frequency)","973. K Closest Points to Origin","https://leetcode.com/problems/k-closest-points-to-origin/"
"VI. Heap (Priority Queue) Patterns","Pattern 37: Heap - Top K Elements (Selection/Frequency)","1046. Last Stone Weight","https://leetcode.com/problems/last-stone-weight/"
"VI. Heap (Priority Queue) Patterns","Pattern 37: Heap - Top K Elements (Selection/Frequency)","2558. Take Gifts From the Richest Pile","https://leetcode.com/problems/take-gifts-from-the-richest-pile/"
"VI. Heap (Priority Queue) Patterns","Pattern 38: Heap - Two Heaps for Median Finding","295. Find Median from Data Stream","https://leetcode.com/problems/find-median-from-data-stream/"
"VI. Heap (Priority Queue) Patterns","Pattern 38: Heap - Two Heaps for Median Finding","1825. Finding MK Average","https://leetcode.com/problems/finding-mk-average/"
"VI. Heap (Priority Queue) Patterns","Pattern 39: Heap - K-way Merge","23. Merge k Sorted Lists","https://leetcode.com/problems/merge-k-sorted-lists/"
"VI. Heap (Priority Queue) Patterns","Pattern 39: Heap - K-way Merge","373. Find K Pairs with Smallest Sums","https://leetcode.com/problems/find-k-pairs-with-smallest-sums/"
"VI. Heap (Priority Queue) Patterns","Pattern 39: Heap - K-way Merge","378. Kth Smallest Element in a Sorted Matrix","https://leetcode.com/problems/kth-smallest-element-in-a-sorted-matrix/"
"VI. Heap (Priority Queue) Patterns","Pattern 39: Heap - K-way Merge","632. Smallest Range Covering Elements from K Lists","https://leetcode.com/problems/smallest-range-covering-elements-from-k-lists/"
"VI. Heap (Priority Queue) Patterns","Pattern 40: Heap - Scheduling / Minimum Cost (Greedy with Priority Queue)","253. Meeting Rooms II","https://leetcode.com/problems/meeting-rooms-ii/"
"VI. Heap (Priority Queue) Patterns","Pattern 40: Heap - Scheduling / Minimum Cost (Greedy with Priority Queue)","767. Reorganize String","https://leetcode.com/problems/reorganize-string/"
"VI. Heap (Priority Queue) Patterns","Pattern 40: Heap - Scheduling / Minimum Cost (Greedy with Priority Queue)","857. Minimum Cost to Hire K Workers","https://leetcode.com/problems/minimum-cost-to-hire-k-workers/"
"VI. Heap (Priority Queue) Patterns","Pattern 40: Heap - Scheduling / Minimum Cost (Greedy with Priority Queue)","1642. Furthest Building You Can Reach","https://leetcode.com/problems/furthest-building-you-can-reach/"
"VI. Heap (Priority Queue) Patterns","Pattern 40: Heap - Scheduling / Minimum Cost (Greedy with Priority Queue)","1792. Maximum Average Pass Ratio","https://leetcode.com/problems/maximum-average-pass-ratio/"
"VI. Heap (Priority Queue) Patterns","Pattern 40: Heap - Scheduling / Minimum Cost (Greedy with Priority Queue)","1834. Single-Threaded CPU","https://leetcode.com/problems/single-threaded-cpu/"
"VI. Heap (Priority Queue) Patterns","Pattern 40: Heap - Scheduling / Minimum Cost (Greedy with Priority Queue)","1942. The Number of the Smallest Unoccupied Chair","https://leetcode.com/problems/the-number-of-the-smallest-unoccupied-chair/"
"VI. Heap (Priority Queue) Patterns","Pattern 40: Heap - Scheduling / Minimum Cost (Greedy with Priority Queue)","2402. Meeting Rooms III","https://leetcode.com/problems/meeting-rooms-iii/"
"VII. Backtracking Patterns","Pattern 41: Backtracking - Subsets (Include/Exclude)","17. Letter Combinations of a Phone Number","https://leetcode.com/problems/letter-combinations-of-a-phone-number/"
"VII. Backtracking Patterns","Pattern 41: Backtracking - Subsets (Include/Exclude)","77. Combinations","https://leetcode.com/problems/combinations/"
"VII. Backtracking Patterns","Pattern 41: Backtracking - Subsets (Include/Exclude)","78. Subsets","https://leetcode.com/problems/subsets/"
"VII. Backtracking Patterns","Pattern 41: Backtracking - Subsets (Include/Exclude)","90. Subsets II","https://leetcode.com/problems/subsets-ii/"
"VII. Backtracking Patterns","Pattern 42: Backtracking - Permutations","31. Next Permutation","https://leetcode.com/problems/next-permutation/"
"VII. Backtracking Patterns","Pattern 42: Backtracking - Permutations","46. Permutations","https://leetcode.com/problems/permutations/"
"VII. Backtracking Patterns","Pattern 42: Backtracking - Permutations","60. Permutation Sequence","https://leetcode.com/problems/permutation-sequence/"
"VII. Backtracking Patterns","Pattern 43: Backtracking - Combination Sum","39. Combination Sum","https://leetcode.com/problems/combination-sum/"
"VII. Backtracking Patterns","Pattern 43: Backtracking - Combination Sum","40. Combination Sum II","https://leetcode.com/problems/combination-sum-ii/"
"VII. Backtracking Patterns","Pattern 44: Backtracking - Parentheses Generation","22. Generate Parentheses","https://leetcode.com/problems/generate-parentheses/"
"VII. Backtracking Patterns","Pattern 44: Backtracking - Parentheses Generation","301. Remove Invalid Parentheses","https://leetcode.com/problems/remove-invalid-parentheses/"
"VII. Backtracking Patterns","Pattern 45: Backtracking - Word Search / Path Finding in Grid","79. Word Search","https://leetcode.com/problems/word-search/"
"VII. Backtracking Patterns","Pattern 45: Backtracking - Word Search / Path Finding in Grid","212. Word Search II","https://leetcode.com/problems/word-search-ii/"
"VII. Backtracking Patterns","Pattern 45: Backtracking - Word Search / Path Finding in Grid","2018. Check if Word Can Be Placed In Crossword","https://leetcode.com/problems/check-if-word-can-be-placed-in-crossword/"
"VII. Backtracking Patterns","Pattern 46: Backtracking - N-Queens / Constraint Satisfaction","37. Sudoku Solver","https://leetcode.com/problems/sudoku-solver/"
"VII. Backtracking Patterns","Pattern 46: Backtracking - N-Queens / Constraint Satisfaction","51. N-Queens","https://leetcode.com/problems/n-queens/"
"VII. Backtracking Patterns","Pattern 47: Backtracking - Palindrome Partitioning","131. Palindrome Partitioning","https://leetcode.com/problems/palindrome-partitioning/"
"VII. Backtracking Patterns","Pattern 47: Backtracking - Palindrome Partitioning","132. Palindrome Partitioning II","https://leetcode.com/problems/palindrome-partitioning-ii/"
"VII. Backtracking Patterns","Pattern 47: Backtracking - Palindrome Partitioning","1457. Pseudo-Palindromic Paths in a Binary Tree","https://leetcode.com/problems/pseudo-palindromic-paths-in-a-binary-tree/"
"VIII. Greedy Patterns","Pattern 48: Greedy - Interval Merging/Scheduling","56. Merge Intervals","https://leetcode.com/problems/merge-intervals/"
"VIII. Greedy Patterns","Pattern 48: Greedy - Interval Merging/Scheduling","57. Insert Interval","https://leetcode.com/problems/insert-interval/"
"VIII. Greedy Patterns","Pattern 48: Greedy - Interval Merging/Scheduling","759. Employee Free Time","https://leetcode.com/problems/employee-free-time/"
"VIII. Greedy Patterns","Pattern 48: Greedy - Interval Merging/Scheduling","986. Interval List Intersections","https://leetcode.com/problems/interval-list-intersections/"
"VIII. Greedy Patterns","Pattern 48: Greedy - Interval Merging/Scheduling","2406. Divide Intervals Into Minimum Number of Groups","https://leetcode.com/problems/divide-intervals-into-minimum-number-of-groups/"
"VIII. Greedy Patterns","Pattern 49: Greedy - Jump Game Reachability/Minimization","45. Jump Game II","https://leetcode.com/problems/jump-game-ii/"
"VIII. Greedy Patterns","Pattern 49: Greedy - Jump Game Reachability/Minimization","55. Jump Game","https://leetcode.com/problems/jump-game/"
"VIII. Greedy Patterns","Pattern 50: Greedy - Buy/Sell Stock","121. Best Time to Buy and Sell Stock","https://leetcode.com/problems/best-time-to-buy-and-sell-stock/"
"VIII. Greedy Patterns","Pattern 50: Greedy - Buy/Sell Stock","122. Best Time to Buy and Sell Stock II","https://leetcode.com/problems/best-time-to-buy-and-sell-stock-ii/"
"VIII. Greedy Patterns","Pattern 51: Greedy - Gas Station Circuit","134. Gas Station","https://leetcode.com/problems/gas-station/"
"VIII. Greedy Patterns","Pattern 52: Greedy - Task Scheduling (Frequency Based)","621. Task Scheduler","https://leetcode.com/problems/task-scheduler/"
"IX. Binary Search Patterns","Pattern 53: Binary Search - On Sorted Array/List","35. Search Insert Position","https://leetcode.com/problems/search-insert-position/"
"IX. Binary Search Patterns","Pattern 53: Binary Search - On Sorted Array/List","69. Sqrt(x)","https://leetcode.com/problems/sqrtx/"
"IX. Binary Search Patterns","Pattern 53: Binary Search - On Sorted Array/List","74. Search a 2D Matrix","https://leetcode.com/problems/search-a-2d-matrix/"
"IX. Binary Search Patterns","Pattern 53: Binary Search - On Sorted Array/List","278. First Bad Version","https://leetcode.com/problems/first-bad-version/"
"IX. Binary Search Patterns","Pattern 53: Binary Search - On Sorted Array/List","374. Guess Number Higher or Lower","https://leetcode.com/problems/guess-number-higher-or-lower/"
"IX. Binary Search Patterns","Pattern 53: Binary Search - On Sorted Array/List","540. Single Element in a Sorted Array","https://leetcode.com/problems/single-element-in-a-sorted-array/"
"IX. Binary Search Patterns","Pattern 53: Binary Search - On Sorted Array/List","704. Binary Search","https://leetcode.com/problems/binary-search/"
"IX. Binary Search Patterns","Pattern 53: Binary Search - On Sorted Array/List","1539. Kth Missing Positive Number","https://leetcode.com/problems/kth-missing-positive-number/"
"IX. Binary Search Patterns","Pattern 54: Binary Search - Find Min/Max in Rotated Sorted Array","33. Search in Rotated Sorted Array","https://leetcode.com/problems/search-in-rotated-sorted-array/"
"IX. Binary Search Patterns","Pattern 54: Binary Search - Find Min/Max in Rotated Sorted Array","81. Search in Rotated Sorted Array II","https://leetcode.com/problems/search-in-rotated-sorted-array-ii/"
"IX. Binary Search Patterns","Pattern 54: Binary Search - Find Min/Max in Rotated Sorted Array","153. Find Minimum in Rotated Sorted Array","https://leetcode.com/problems/find-minimum-in-rotated-sorted-array/"
"IX. Binary Search Patterns","Pattern 54: Binary Search - Find Min/Max in Rotated Sorted Array","162. Find Peak Element","https://leetcode.com/problems/find-peak-element/"
"IX. Binary Search Patterns","Pattern 54: Binary Search - Find Min/Max in Rotated Sorted Array","852. Peak Index in a Mountain Array","https://leetcode.com/problems/peak-index-in-a-mountain-array/"
"IX. Binary Search Patterns","Pattern 54: Binary Search - Find Min/Max in Rotated Sorted Array","1095. Find in Mountain Array","https://leetcode.com/problems/find-in-mountain-array/"
"IX. Binary Search Patterns","Pattern 55: Binary Search - On Answer / Condition Function","410. Split Array Largest Sum","https://leetcode.com/problems/split-array-largest-sum/"
"IX. Binary Search Patterns","Pattern 55: Binary Search - On Answer / Condition Function","774. Minimize Max Distance to Gas Station","https://leetcode.com/problems/minimize-max-distance-to-gas-station/"
"IX. Binary Search Patterns","Pattern 55: Binary Search - On Answer / Condition Function","875. Koko Eating Bananas","https://leetcode.com/problems/koko-eating-bananas/"
"IX. Binary Search Patterns","Pattern 55: Binary Search - On Answer / Condition Function","1011. Capacity To Ship Packages Within D Days","https://leetcode.com/problems/capacity-to-ship-packages-within-d-days/"
"IX. Binary Search Patterns","Pattern 55: Binary Search - On Answer / Condition Function","1482. Minimum Number of Days to Make m Bouquets","https://leetcode.com/problems/minimum-number-of-days-to-make-m-bouquets/"
"IX. Binary Search Patterns","Pattern 55: Binary Search - On Answer / Condition Function","1760. Minimum Limit of Balls in a Bag","https://leetcode.com/problems/minimum-limit-of-balls-in-a-bag/"
"IX. Binary Search Patterns","Pattern 55: Binary Search - On Answer / Condition Function","2064. Minimized Maximum of Products Distributed to Any Store","https://leetcode.com/problems/minimized-maximum-of-products-distributed-to-any-store/"
"IX. Binary Search Patterns","Pattern 55: Binary Search - On Answer / Condition Function","2226. Maximum Candies Allocated to K Children","https://leetcode.com/problems/maximum-candies-allocated-to-k-children/"
"IX. Binary Search Patterns","Pattern 56: Binary Search - Find First/Last Occurrence","34. Find First and Last Position of Element in Sorted Array","https://leetcode.com/problems/find-first-and-last-position-of-element-in-sorted-array/"
"IX. Binary Search Patterns","Pattern 56: Binary Search - Find First/Last Occurrence","658. Find K Closest Elements","https://leetcode.com/problems/find-k-closest-elements/"
"IX. Binary Search Patterns","Pattern 57: Binary Search - Median of Two Sorted Arrays","4. Median of Two Sorted Arrays","https://leetcode.com/problems/median-of-two-sorted-arrays/"
"X. Stack Patterns","Pattern 58: Stack - Valid Parentheses Matching","20. Valid Parentheses","https://leetcode.com/problems/valid-parentheses/"
"X. Stack Patterns","Pattern 58: Stack - Valid Parentheses Matching","32. Longest Valid Parentheses","https://leetcode.com/problems/longest-valid-parentheses/"
"X. Stack Patterns","Pattern 58: Stack - Valid Parentheses Matching","921. Minimum Add to Make Parentheses Valid","https://leetcode.com/problems/minimum-add-to-make-parentheses-valid/"
"X. Stack Patterns","Pattern 58: Stack - Valid Parentheses Matching","1249. Minimum Remove to Make Valid Parentheses","https://leetcode.com/problems/minimum-remove-to-make-valid-parentheses/"
"X. Stack Patterns","Pattern 58: Stack - Valid Parentheses Matching","1963. Minimum Number of Swaps to Make the String Balanced","https://leetcode.com/problems/minimum-number-of-swaps-to-make-the-string-balanced/"
"X. Stack Patterns","Pattern 59: Stack - Monotonic Stack","402. Remove K Digits","https://leetcode.com/problems/remove-k-digits/"
"X. Stack Patterns","Pattern 59: Stack - Monotonic Stack","496. Next Greater Element I","https://leetcode.com/problems/next-greater-element-i/"
"X. Stack Patterns","Pattern 59: Stack - Monotonic Stack","503. Next Greater Element II","https://leetcode.com/problems/next-greater-element-ii/"
"X. Stack Patterns","Pattern 59: Stack - Monotonic Stack","739. Daily Temperatures","https://leetcode.com/problems/daily-temperatures/"
"X. Stack Patterns","Pattern 59: Stack - Monotonic Stack","901. Online Stock Span","https://leetcode.com/problems/online-stock-span/"
"X. Stack Patterns","Pattern 59: Stack - Monotonic Stack","907. Sum of Subarray Minimums","https://leetcode.com/problems/sum-of-subarray-minimums/"
"X. Stack Patterns","Pattern 59: Stack - Monotonic Stack","962. Maximum Width Ramp","https://leetcode.com/problems/maximum-width-ramp/"
"X. Stack Patterns","Pattern 59: Stack - Monotonic Stack","1475. Final Prices With a Special Discount in a Shop","https://leetcode.com/problems/final-prices-with-a-special-discount-in-a-shop/"
"X. Stack Patterns","Pattern 59: Stack - Monotonic Stack","1673. Find the Most Competitive Subsequence","https://leetcode.com/problems/find-the-most-competitive-subsequence/"
"X. Stack Patterns","Pattern 60: Stack - Expression Evaluation (RPN/Infix)","150. Evaluate Reverse Polish Notation","https://leetcode.com/problems/evaluate-reverse-polish-notation/"
"X. Stack Patterns","Pattern 60: Stack - Expression Evaluation (RPN/Infix)","224. Basic Calculator","https://leetcode.com/problems/basic-calculator/"
"X. Stack Patterns","Pattern 60: Stack - Expression Evaluation (RPN/Infix)","227. Basic Calculator II","https://leetcode.com/problems/basic-calculator-ii/"
"X. Stack Patterns","Pattern 60: Stack - Expression Evaluation (RPN/Infix)","772. Basic Calculator III","https://leetcode.com/problems/basic-calculator-iii/"
"X. Stack Patterns","Pattern 61: Stack - Simulation / Backtracking Helper","71. Simplify Path","https://leetcode.com/problems/simplify-path/"
"X. Stack Patterns","Pattern 61: Stack - Simulation / Backtracking Helper","394. Decode String","https://leetcode.com/problems/decode-string/"
"X. Stack Patterns","Pattern 61: Stack - Simulation / Backtracking Helper","735. Asteroid Collision","https://leetcode.com/problems/asteroid-collision/"
"X. Stack Patterns","Pattern 62: Stack - Min Stack Design","155. Min Stack","https://leetcode.com/problems/min-stack/"
"X. Stack Patterns","Pattern 63: Stack - Largest Rectangle in Histogram","84. Largest Rectangle in Histogram","https://leetcode.com/problems/largest-rectangle-in-histogram/"
"X. Stack Patterns","Pattern 63: Stack - Largest Rectangle in Histogram","85. Maximal Rectangle","https://leetcode.com/problems/maximal-rectangle/"
"XI. Bit Manipulation Patterns","Pattern 65: Bitwise XOR - Finding Single/Missing Number","136. Single Number","https://leetcode.com/problems/single-number/"
"XI. Bit Manipulation Patterns","Pattern 65: Bitwise XOR - Finding Single/Missing Number","137. Single Number II","https://leetcode.com/problems/single-number-ii/"
"XI. Bit Manipulation Patterns","Pattern 65: Bitwise XOR - Finding Single/Missing Number","268. Missing Number","https://leetcode.com/problems/missing-number/"
"XI. Bit Manipulation Patterns","Pattern 65: Bitwise XOR - Finding Single/Missing Number","389. Find the Difference","https://leetcode.com/problems/find-the-difference/"
"XI. Bit Manipulation Patterns","Pattern 66: Bitwise AND - Counting Set Bits (Hamming Weight)","191. Number of 1 Bits","https://leetcode.com/problems/number-of-1-bits/"
"XI. Bit Manipulation Patterns","Pattern 67: Bitwise DP - Counting Bits Optimization","338. Counting Bits","https://leetcode.com/problems/counting-bits/"
"XI. Bit Manipulation Patterns","Pattern 68: Bitwise Operations - Power of Two/Four Check","231. Power of Two","https://leetcode.com/problems/power-of-two/"
"XI. Bit Manipulation Patterns","Pattern 68: Bitwise Operations - Power of Two/Four Check","342. Power of Four","https://leetcode.com/problems/power-of-four/"
"XII. Linked List Manipulation Patterns","Pattern 69: Linked List - In-place Reversal","83. Remove Duplicates from Sorted List","https://leetcode.com/problems/remove-duplicates-from-sorted-list/"
"XII. Linked List Manipulation Patterns","Pattern 69: Linked List - In-place Reversal","92. Reverse Linked List II","https://leetcode.com/problems/reverse-linked-list-ii/"
"XII. Linked List Manipulation Patterns","Pattern 69: Linked List - In-place Reversal","206. Reverse Linked List","https://leetcode.com/problems/reverse-linked-list/"
"XII. Linked List Manipulation Patterns","Pattern 69: Linked List - In-place Reversal","25. Reverse Nodes in k-Group","https://leetcode.com/problems/reverse-nodes-in-k-group/"
"XII. Linked List Manipulation Patterns","Pattern 69: Linked List - In-place Reversal","234. Palindrome Linked List","https://leetcode.com/problems/palindrome-linked-list/"
"XII. Linked List Manipulation Patterns","Pattern 69: Linked List - In-place Reversal","82. Remove Duplicates from Sorted List II","https://leetcode.com/problems/remove-duplicates-from-sorted-list-ii/"
"XII. Linked List Manipulation Patterns","Pattern 70: Linked List - Merging Two Sorted Lists","21. Merge Two Sorted Lists","https://leetcode.com/problems/merge-two-sorted-lists/"
"XII. Linked List Manipulation Patterns","Pattern 71: Linked List - Addition of Numbers","2. Add Two Numbers","https://leetcode.com/problems/add-two-numbers/"
"XII. Linked List Manipulation Patterns","Pattern 71: Linked List - Addition of Numbers","369. Plus One Linked List","https://leetcode.com/problems/plus-one-linked-list/"
"XII. Linked List Manipulation Patterns","Pattern 72: Linked List - Intersection Detection","160. Intersection of Two Linked Lists","https://leetcode.com/problems/intersection-of-two-linked-lists/"
"XII. Linked List Manipulation Patterns","Pattern 73: Linked List - Reordering / Partitioning","24. Swap Nodes in Pairs","https://leetcode.com/problems/swap-nodes-in-pairs/"
"XII. Linked List Manipulation Patterns","Pattern 73: Linked List - Reordering / Partitioning","61. Rotate List","https://leetcode.com/problems/rotate-list/"
"XII. Linked List Manipulation Patterns","Pattern 73: Linked List - Reordering / Partitioning","86. Partition List","https://leetcode.com/problems/partition-list/"
"XII. Linked List Manipulation Patterns","Pattern 73: Linked List - Reordering / Partitioning","143. Reorder List","https://leetcode.com/problems/reorder-list/"
"XII. Linked List Manipulation Patterns","Pattern 73: Linked List - Reordering / Partitioning","328. Odd Even Linked List","https://leetcode.com/problems/odd-even-linked-list/"
"XIII. Array/Matrix Manipulation Patterns","Pattern 74: Array/Matrix - In-place Rotation","48. Rotate Image","https://leetcode.com/problems/rotate-image/"
"XIII. Array/Matrix Manipulation Patterns","Pattern 74: Array/Matrix - In-place Rotation","189. Rotate Array","https://leetcode.com/problems/rotate-array/"
"XIII. Array/Matrix Manipulation Patterns","Pattern 75: Array/Matrix - Spiral Traversal","54. Spiral Matrix","https://leetcode.com/problems/spiral-matrix/"
"XIII. Array/Matrix Manipulation Patterns","Pattern 75: Array/Matrix - Spiral Traversal","885. Spiral Matrix III","https://leetcode.com/problems/spiral-matrix-iii/"
"XIII. Array/Matrix Manipulation Patterns","Pattern 75: Array/Matrix - Spiral Traversal","2326. Spiral Matrix IV","https://leetcode.com/problems/spiral-matrix-iv/"
"XIII. Array/Matrix Manipulation Patterns","Pattern 76: Array/Matrix - Set Matrix Zeroes (In-place Marking)","73. Set Matrix Zeroes","https://leetcode.com/problems/set-matrix-zeroes/"
"XIII. Array/Matrix Manipulation Patterns","Pattern 77: Array - Product Except Self (Prefix/Suffix Products)","238. Product of Array Except Self","https://leetcode.com/problems/product-of-array-except-self/"
"XIII. Array/Matrix Manipulation Patterns","Pattern 78: Array - Plus One (Handling Carry)","66. Plus One","https://leetcode.com/problems/plus-one/"
"XIII. Array/Matrix Manipulation Patterns","Pattern 79: Array - Merge Sorted Array (In-place from End)","88. Merge Sorted Array","https://leetcode.com/problems/merge-sorted-array/"
"XIII. Array/Matrix Manipulation Patterns","Pattern 80: Array - Cyclic Sort","41. First Missing Positive","https://leetcode.com/problems/first-missing-positive/"
"XIII. Array/Matrix Manipulation Patterns","Pattern 80: Array - Cyclic Sort","268. Missing Number","https://leetcode.com/problems/missing-number/"
"XIII. Array/Matrix Manipulation Patterns","Pattern 80: Array - Cyclic Sort","287. Find the Duplicate Number","https://leetcode.com/problems/find-the-duplicate-number/"
"XIII. Array/Matrix Manipulation Patterns","Pattern 80: Array - Cyclic Sort","442. Find All Duplicates in an Array","https://leetcode.com/problems/find-all-duplicates-in-an-array/"
"XIII. Array/Matrix Manipulation Patterns","Pattern 80: Array - Cyclic Sort","448. Find All Numbers Disappeared in an Array","https://leetcode.com/problems/find-all-numbers-disappeared-in-an-array/"
"XIII. Array/Matrix Manipulation Patterns","Pattern 81: Array - Kadane's Variant for Maximum Product","152. Maximum Product Subarray","https://leetcode.com/problems/maximum-product-subarray/"
"XIV. String Manipulation Patterns","Pattern 82: String - Palindrome Check (Two Pointers / Reverse)","9. Palindrome Number","https://leetcode.com/problems/palindrome-number/"
"XIV. String Manipulation Patterns","Pattern 82: String - Palindrome Check (Two Pointers / Reverse)","125. Valid Palindrome","https://leetcode.com/problems/valid-palindrome/"
"XIV. String Manipulation Patterns","Pattern 82: String - Palindrome Check (Two Pointers / Reverse)","680. Valid Palindrome II","https://leetcode.com/problems/valid-palindrome-ii/"
"XIV. String Manipulation Patterns","Pattern 83: String - Anagram Check (Frequency Count/Sort)","49. Group Anagrams","https://leetcode.com/problems/group-anagrams/"
"XIV. String Manipulation Patterns","Pattern 83: String - Anagram Check (Frequency Count/Sort)","242. Valid Anagram","https://leetcode.com/problems/valid-anagram/"
"XIV. String Manipulation Patterns","Pattern 84: String - Roman to Integer Conversion","13. Roman to Integer","https://leetcode.com/problems/roman-to-integer/"
"XIV. String Manipulation Patterns","Pattern 85: String - String to Integer (atoi)","8. String to Integer (atoi)","https://leetcode.com/problems/string-to-integer-atoi/"
"XIV. String Manipulation Patterns","Pattern 86: String - Multiply Strings (Manual Simulation)","43. Multiply Strings","https://leetcode.com/problems/multiply-strings/"
"XIV. String Manipulation Patterns","Pattern 87: String Matching - Naive / KMP / Rabin-Karp","28. Find the Index of the First Occurrence in a String","https://leetcode.com/problems/find-the-index-of-the-first-occurrence-in-a-string/"
"XIV. String Manipulation Patterns","Pattern 87: String Matching - Naive / KMP / Rabin-Karp","214. Shortest Palindrome","https://leetcode.com/problems/shortest-palindrome/"
"XIV. String Manipulation Patterns","Pattern 87: String Matching - Naive / KMP / Rabin-Karp","686. Repeated String Match","https://leetcode.com/problems/repeated-string-match/"
"XIV. String Manipulation Patterns","Pattern 87: String Matching - Naive / KMP / Rabin-Karp","796. Rotate String","https://leetcode.com/problems/rotate-string/"
"XIV. String Manipulation Patterns","Pattern 87: String Matching - Naive / KMP / Rabin-Karp","3008. Find Beautiful Indices in the Given Array II","https://leetcode.com/problems/find-beautiful-indices-in-the-given-array-ii/"
"XIV. String Manipulation Patterns","Pattern 88: String - Repeated Substring Pattern Detection","459. Repeated Substring Pattern","https://leetcode.com/problems/repeated-substring-pattern/"
"XV. Design Patterns","Pattern 89: Design (General/Specific)","146. LRU Cache","https://leetcode.com/problems/lru-cache/"
"XV. Design Patterns","Pattern 89: Design (General/Specific)","155. Min Stack","https://leetcode.com/problems/min-stack/"
"XV. Design Patterns","Pattern 89: Design (General/Specific)","208. Implement Trie (Prefix Tree)","https://leetcode.com/problems/implement-trie-prefix-tree/"
"XV. Design Patterns","Pattern 89: Design (General/Specific)","211. Design Add and Search Words Data Structure","https://leetcode.com/problems/design-add-and-search-words-data-structure/"
"XV. Design Patterns","Pattern 89: Design (General/Specific)","225. Implement Stack using Queues","https://leetcode.com/problems/implement-stack-using-queues/"
"XV. Design Patterns","Pattern 89: Design (General/Specific)","232. Implement Queue using Stacks","https://leetcode.com/problems/implement-queue-using-stacks/"
"XV. Design Patterns","Pattern 89: Design (General/Specific)","251. Flatten 2D Vector","https://leetcode.com/problems/flatten-2d-vector/"
"XV. Design Patterns","Pattern 89: Design (General/Specific)","271. Encode and Decode Strings","https://leetcode.com/problems/encode-and-decode-strings/"
"XV. Design Patterns","Pattern 89: Design (General/Specific)","295. Find Median from Data Stream","https://leetcode.com/problems/find-median-from-data-stream/"
"XV. Design Patterns","Pattern 89: Design (General/Specific)","341. Flatten Nested List Iterator","https://leetcode.com/problems/flatten-nested-list-iterator/"
"XV. Design Patterns","Pattern 89: Design (General/Specific)","346. Moving Average from Data Stream","https://leetcode.com/problems/moving-average-from-data-stream/"
"XV. Design Patterns","Pattern 89: Design (General/Specific)","353. Design Snake Game","https://leetcode.com/problems/design-snake-game/"
"XV. Design Patterns","Pattern 89: Design (General/Specific)","359. Logger Rate Limiter","https://leetcode.com/problems/logger-rate-limiter/"
"XV. Design Patterns","Pattern 89: Design (General/Specific)","362. Design Hit Counter","https://leetcode.com/problems/design-hit-counter/"
"XV. Design Patterns","Pattern 89: Design (General/Specific)","379. Design Phone Directory","https://leetcode.com/problems/design-phone-directory/"
"XV. Design Patterns","Pattern 89: Design (General/Specific)","380. Insert Delete GetRandom O(1)","https://leetcode.com/problems/insert-delete-getrandom-o1/"
"XV. Design Patterns","Pattern 89: Design (General/Specific)","432. All O`one Data Structure","https://leetcode.com/problems/all-oone-data-structure/"
"XV. Design Patterns","Pattern 89: Design (General/Specific)","460. LFU Cache","https://leetcode.com/problems/lfu-cache/"
"XV. Design Patterns","Pattern 89: Design (General/Specific)","604. Design Compressed String Iterator","https://leetcode.com/problems/design-compressed-string-iterator/"
"XV. Design Patterns","Pattern 89: Design (General/Specific)","622. Design Circular Queue","https://leetcode.com/problems/design-circular-queue/"
"XV. Design Patterns","Pattern 89: Design (General/Specific)","641. Design Circular Deque","https://leetcode.com/problems/design-circular-deque/"
"XV. Design Patterns","Pattern 89: Design (General/Specific)","642. Design Search Autocomplete System","https://leetcode.com/problems/design-search-autocomplete-system/"
"XV. Design Patterns","Pattern 89: Design (General/Specific)","706. Design HashMap","https://leetcode.com/problems/design-hashmap/"
"XV. Design Patterns","Pattern 89: Design (General/Specific)","715. Range Module","https://leetcode.com/problems/range-module/"
"XV. Design Patterns","Pattern 89: Design (General/Specific)","900. RLE Iterator","https://leetcode.com/problems/rle-iterator/"
"XV. Design Patterns","Pattern 89: Design (General/Specific)","981. Time Based Key-Value Store","https://leetcode.com/problems/time-based-key-value-store/"
"XV. Design Patterns","Pattern 89: Design (General/Specific)","1146. Snapshot Array","https://leetcode.com/problems/snapshot-array/"
"XV. Design Patterns","Pattern 89: Design (General/Specific)","1348. Tweet Counts Per Frequency","https://leetcode.com/problems/tweet-counts-per-frequency/"
"XV. Design Patterns","Pattern 89: Design (General/Specific)","1352. Product of the Last K Numbers","https://leetcode.com/problems/product-of-the-last-k-numbers/"
"XV. Design Patterns","Pattern 89: Design (General/Specific)","1381. Design a Stack With Increment Operation","https://leetcode.com/problems/design-a-stack-with-increment-operation/"
"XV. Design Patterns","Pattern 89: Design (General/Specific)","1756. Design Most Recently Used Queue","https://leetcode.com/problems/design-most-recently-used-queue/"
"XV. Design Patterns","Pattern 89: Design (General/Specific)","2013. Detect Squares","https://leetcode.com/problems/detect-squares/"
"XV. Design Patterns","Pattern 89: Design (General/Specific)","2034. Stock Price Fluctuation","https://leetcode.com/problems/stock-price-fluctuation/"
"XV. Design Patterns","Pattern 89: Design (General/Specific)","2296. Design a Text Editor","https://leetcode.com/problems/design-a-text-editor/"
"XV. Design Patterns","Pattern 89: Design (General/Specific)","2336. Smallest Number in Infinite Set","https://leetcode.com/problems/smallest-number-in-infinite-set/"